{
  "model": "linear_svc",
  "accuracy": 0.9956101843722563,
  "precision": 0.996309963099631,
  "recall": 0.9854014598540146,
  "f1": 0.9908256880733946,
  "roc_auc": 0.999940930762415,
  "confusion_matrix": [
    [
      864,
      1
    ],
    [
      4,
      270
    ]
  ]
}